-- MySQL dump 10.13  Distrib 8.0.40, for Win64 (x86_64)
--
-- Host: localhost    Database: forneinjet
-- ------------------------------------------------------
-- Server version	8.0.40

/*!40101 SET @OLD_CHARACTER_SET_CLIENT=@@CHARACTER_SET_CLIENT */;
/*!40101 SET @OLD_CHARACTER_SET_RESULTS=@@CHARACTER_SET_RESULTS */;
/*!40101 SET @OLD_COLLATION_CONNECTION=@@COLLATION_CONNECTION */;
/*!50503 SET NAMES utf8 */;
/*!40103 SET @OLD_TIME_ZONE=@@TIME_ZONE */;
/*!40103 SET TIME_ZONE='+00:00' */;
/*!40014 SET @OLD_UNIQUE_CHECKS=@@UNIQUE_CHECKS, UNIQUE_CHECKS=0 */;
/*!40014 SET @OLD_FOREIGN_KEY_CHECKS=@@FOREIGN_KEY_CHECKS, FOREIGN_KEY_CHECKS=0 */;
/*!40101 SET @OLD_SQL_MODE=@@SQL_MODE, SQL_MODE='NO_AUTO_VALUE_ON_ZERO' */;
/*!40111 SET @OLD_SQL_NOTES=@@SQL_NOTES, SQL_NOTES=0 */;

--
-- Table structure for table `compra`
--

DROP TABLE IF EXISTS `compra`;
/*!40101 SET @saved_cs_client     = @@character_set_client */;
/*!50503 SET character_set_client = utf8mb4 */;
CREATE TABLE `compra` (
  `ID_Compra` int NOT NULL AUTO_INCREMENT,
  `ID_Fornecedor` int NOT NULL,
  `ID_Funcionario` int NOT NULL,
  `data_compra` date NOT NULL,
  `data_entrega_prevista` date DEFAULT NULL,
  `data_entrega_real` date DEFAULT NULL,
  `status_compra` varchar(20) NOT NULL DEFAULT 'pendente',
  `forma_pagamento` varchar(50) DEFAULT NULL,
  `valor_total_USD` decimal(12,2) DEFAULT NULL,
  `valor_total_BRL` decimal(12,2) DEFAULT NULL,
  `numero_nota_fiscal` varchar(50) DEFAULT NULL,
  `observacoes` text,
  PRIMARY KEY (`ID_Compra`),
  KEY `ID_Fornecedor` (`ID_Fornecedor`),
  KEY `ID_Funcionario` (`ID_Funcionario`),
  CONSTRAINT `compra_ibfk_1` FOREIGN KEY (`ID_Fornecedor`) REFERENCES `fornecedor` (`ID_Fornecedor`),
  CONSTRAINT `compra_ibfk_2` FOREIGN KEY (`ID_Funcionario`) REFERENCES `funcionario` (`ID_Funcionario`)
) ENGINE=InnoDB AUTO_INCREMENT=61 DEFAULT CHARSET=utf8mb4 COLLATE=utf8mb4_0900_ai_ci;
/*!40101 SET character_set_client = @saved_cs_client */;

--
-- Dumping data for table `compra`
--

LOCK TABLES `compra` WRITE;
/*!40000 ALTER TABLE `compra` DISABLE KEYS */;
INSERT INTO `compra` VALUES (1,1,1,'2023-01-05','2023-02-10','2023-02-08','finalizada','Boleto bancário',840000.00,4200000.00,'NF202301001','Compra de 3 injetoras Victory 550'),(2,2,2,'2023-01-10','2023-02-15','2023-02-12','finalizada','Transferência bancária',760000.00,3800000.00,'NF202301002','Compra de 2 injetoras Hybrid 350T'),(3,3,3,'2023-01-15','2023-02-20','2023-02-18','finalizada','Cartão de crédito',520000.00,2600000.00,'NF202301003','Compra de 2 injetoras Mars 450'),(4,4,4,'2023-01-20','2023-02-25','2023-02-22','finalizada','Boleto bancário',850000.00,4250000.00,'NF202301004','Compra de 1 injetora Victory 1200'),(5,5,5,'2023-01-25','2023-03-02','2023-02-28','finalizada','Transferência bancária',930000.00,4650000.00,'NF202301005','Compra de 3 injetoras Allrounder 370'),(6,6,6,'2023-02-01','2023-03-08','2023-03-05','finalizada','Cartão de crédito',290000.00,1450000.00,'NF202302001','Compra de 1 injetora Vista 650'),(7,7,7,'2023-02-05','2023-03-12','2023-03-10','finalizada','Boleto bancário',420000.00,2100000.00,'NF202302002','Compra de 1 injetora HyPET 300'),(8,8,8,'2023-02-10','2023-03-15','2023-03-12','finalizada','Transferência bancária',360000.00,1800000.00,'NF202302003','Compra de 2 injetoras semi-novas'),(9,9,9,'2023-02-15','2023-03-20','2023-03-18','finalizada','Cartão de crédito',480000.00,2400000.00,'NF202302004','Compra de 2 injetoras TI-250G'),(10,10,10,'2023-02-20','2023-03-25','2023-03-22','finalizada','Boleto bancário',810000.00,4050000.00,'NF202302005','Compra de 3 injetoras FNX250-III'),(11,11,11,'2023-02-25','2023-04-01','2023-03-29','finalizada','Transferência bancária',350000.00,1750000.00,'NF202302006','Compra de 1 injetora SE180EV'),(12,12,12,'2023-03-01','2023-04-05','2023-04-02','finalizada','Cartão de crédito',840000.00,4200000.00,'NF202303001','Compra de 2 injetoras CX 350-1800'),(13,13,13,'2023-03-05','2023-04-10','2023-04-07','finalizada','Boleto bancário',650000.00,3250000.00,'NF202303002','Compra de 1 injetora Elektron 750'),(14,14,14,'2023-03-10','2023-04-15','2023-04-12','finalizada','Transferência bancária',880000.00,4400000.00,'NF202303003','Compra de 4 injetoras SmartPower 180'),(15,15,15,'2023-03-15','2023-04-20','2023-04-17','finalizada','Cartão de crédito',840000.00,4200000.00,'NF202303004','Compra de 2 injetoras Roboshot α-S150iA'),(16,16,16,'2023-03-20','2023-04-25','2023-04-22','finalizada','Boleto bancário',1080000.00,5400000.00,'NF202303005','Compra de 3 injetoras IntElect 350/1000-550'),(17,17,17,'2023-03-25','2023-04-30','2023-04-27','finalizada','Transferência bancária',580000.00,2900000.00,'NF202303006','Compra de 2 injetoras HM 250/450H'),(18,18,18,'2023-04-01','2023-05-06','2023-05-03','finalizada','Cartão de crédito',490000.00,2450000.00,'NF202304001','Compra de 1 injetora Elion 2500-400'),(19,19,19,'2023-04-05','2023-05-10','2023-05-07','finalizada','Boleto bancário',620000.00,3100000.00,'NF202304002','Compra de 2 injetoras Allrounder 370'),(20,20,20,'2023-04-10','2023-05-15','2023-05-12','finalizada','Transferência bancária',960000.00,4800000.00,'NF202304003','Compra de 2 injetoras Victory 450'),(21,21,21,'2023-04-15','2023-05-20','2023-05-17','finalizada','Cartão de crédito',960000.00,4800000.00,'NF202304004','Compra de 4 injetoras Mars 350'),(22,22,22,'2023-04-20','2023-05-25','2023-05-22','finalizada','Boleto bancário',450000.00,2250000.00,'NF202304005','Compra de 1 injetora Hybrid 550T'),(23,23,23,'2023-04-25','2023-05-30','2023-05-27','finalizada','Transferência bancária',420000.00,2100000.00,'NF202304006','Compra de 1 injetora Victory 850'),(24,24,24,'2023-05-01','2023-06-05','2023-06-02','finalizada','Cartão de crédito',680000.00,3400000.00,'NF202305001','Compra de 2 injetoras Vista 550'),(25,25,25,'2023-05-05','2023-06-10','2023-06-07','finalizada','Boleto bancário',640000.00,3200000.00,'NF202305002','Compra de 2 injetoras TI-450G'),(26,26,26,'2023-05-10','2023-06-15','2023-06-12','finalizada','Transferência bancária',350000.00,1750000.00,'NF202305003','Compra de 1 injetora FNX450-III'),(27,27,27,'2023-05-15','2023-06-20','2023-06-17','finalizada','Cartão de crédito',420000.00,2100000.00,'NF202305004','Compra de 1 injetora SE350EV'),(28,28,28,'2023-05-20','2023-06-25','2023-06-22','finalizada','Boleto bancário',520000.00,2600000.00,'NF202305005','Compra de 1 injetora CX 550-3000'),(29,29,29,'2023-05-25','2023-06-30','2023-06-27','finalizada','Transferência bancária',700000.00,3500000.00,'NF202305006','Compra de 1 injetora Elektron 850'),(30,30,30,'2023-06-01','2023-07-06','2023-07-03','finalizada','Cartão de crédito',780000.00,3900000.00,'NF202306001','Compra de 3 injetoras SmartPower 250'),(31,31,31,'2023-06-05','2023-07-10','2023-07-07','finalizada','Boleto bancário',900000.00,4500000.00,'NF202306002','Compra de 2 injetoras Roboshot α-S200iA'),(32,32,32,'2023-06-10','2023-07-15','2023-07-12','finalizada','Transferência bancária',780000.00,3900000.00,'NF202306003','Compra de 2 injetoras IntElect 400/1200-650'),(33,33,33,'2023-06-15','2023-07-20','2023-07-17','finalizada','Cartão de crédito',640000.00,3200000.00,'NF202306004','Compra de 2 injetoras HM 300/600H'),(34,34,34,'2023-06-20','2023-07-25','2023-07-22','finalizada','Boleto bancário',520000.00,2600000.00,'NF202306005','Compra de 1 injetora Elion 3000-500'),(35,35,35,'2023-06-25','2023-07-30','2023-07-27','finalizada','Transferência bancária',380000.00,1900000.00,'NF202306006','Compra de 1 injetora Allrounder 570'),(36,36,36,'2023-07-01','2023-08-05','2023-08-02','finalizada','Cartão de crédito',580000.00,2900000.00,'NF202307001','Compra de 1 injetora Victory 850'),(37,37,37,'2023-07-05','2023-08-10','2023-08-07','finalizada','Boleto bancário',580000.00,2900000.00,'NF202307002','Compra de 2 injetoras Mars 450'),(38,38,38,'2023-07-10','2023-08-15','2023-08-12','finalizada','Transferência bancária',480000.00,2400000.00,'NF202307003','Compra de 1 injetora Hybrid 650T'),(39,39,39,'2023-07-15','2023-08-20','2023-08-17','finalizada','Cartão de crédito',450000.00,2250000.00,'NF202307004','Compra de 1 injetora Victory 950'),(40,40,40,'2023-07-20','2023-08-25','2023-08-22','finalizada','Boleto bancário',370000.00,1850000.00,'NF202307005','Compra de 1 injetora Vista 650'),(41,41,41,'2023-07-25','2023-08-30','2023-08-27','finalizada','Transferência bancária',600000.00,3000000.00,'NF202307006','Compra de 1 injetora HyPET 750'),(42,42,42,'2023-08-01','2023-09-05','2023-09-02','finalizada','Cartão de crédito',350000.00,1750000.00,'NF202308001','Compra de 1 injetora TI-550G'),(43,43,43,'2023-08-05','2023-09-10','2023-09-07','finalizada','Boleto bancário',380000.00,1900000.00,'NF202308002','Compra de 1 injetora FNX550-III'),(44,44,44,'2023-08-10','2023-09-15','2023-09-12','finalizada','Transferência bancária',450000.00,2250000.00,'NF202308003','Compra de 1 injetora SE450EV'),(45,45,45,'2023-08-15','2023-09-20','2023-09-17','finalizada','Cartão de crédito',550000.00,2750000.00,'NF202308004','Compra de 1 injetora CX 650-3500'),(46,46,46,'2023-08-20','2023-09-25','2023-09-22','finalizada','Boleto bancário',750000.00,3750000.00,'NF202308005','Compra de 1 injetora Elektron 950'),(47,47,47,'2023-08-25','2023-09-30','2023-09-27','finalizada','Transferência bancária',600000.00,3000000.00,'NF202308006','Compra de 2 injetoras SmartPower 350'),(48,48,48,'2023-09-01','2023-10-06','2023-10-03','finalizada','Cartão de crédito',480000.00,2400000.00,'NF202309001','Compra de 1 injetora Roboshot α-S300iA'),(49,49,49,'2023-09-05','2023-10-10','2023-10-07','finalizada','Boleto bancário',420000.00,2100000.00,'NF202309002','Compra de 1 injetora IntElect 500/1500-750'),(50,50,50,'2023-09-10','2023-10-15','2023-10-12','finalizada','Transferência bancária',350000.00,1750000.00,'NF202309003','Compra de 1 injetora HM 400/800H'),(51,51,51,'2023-09-15','2023-10-20','2023-10-17','finalizada','Cartão de crédito',550000.00,2750000.00,'NF202309004','Compra de 1 injetora Elion 3500-600'),(52,52,52,'2023-09-20','2023-10-25','2023-10-22','finalizada','Boleto bancário',420000.00,2100000.00,'NF202309005','Compra de 1 injetora Allrounder 670'),(53,53,53,'2023-09-25','2023-10-30','2023-10-27','finalizada','Transferência bancária',650000.00,3250000.00,'NF202309006','Compra de 1 injetora Victory 1050'),(54,54,54,'2023-10-01','2023-11-05','2023-11-02','finalizada','Cartão de crédito',290000.00,1450000.00,'NF202310001','Compra de 1 injetora Mars 550'),(55,55,55,'2023-10-05','2023-11-10','2023-11-07','finalizada','Boleto bancário',520000.00,2600000.00,'NF202310002','Compra de 1 injetora Hybrid 750T'),(56,56,56,'2023-10-10','2023-11-15','2023-11-12','finalizada','Transferência bancária',500000.00,2500000.00,'NF202310003','Compra de 1 injetora Victory 1150'),(57,57,57,'2023-10-15','2023-11-20','2023-11-17','finalizada','Cartão de crédito',400000.00,2000000.00,'NF202310004','Compra de 1 injetora Vista 750'),(58,58,58,'2023-10-20','2023-11-25','2023-11-22','finalizada','Boleto bancário',680000.00,3400000.00,'NF202310005','Compra de 1 injetora HyPET 900'),(59,59,59,'2023-10-25','2023-11-30','2023-11-27','finalizada','Transferência bancária',380000.00,1900000.00,'NF202310006','Compra de 1 injetora TI-650G'),(60,60,60,'2023-10-30','2023-12-05','2023-12-02','finalizada','Cartão de crédito',410000.00,2050000.00,'NF202310007','Compra de 1 injetora FNX650-III');
/*!40000 ALTER TABLE `compra` ENABLE KEYS */;
UNLOCK TABLES;

--
-- Table structure for table `enderecofornecedor`
--

DROP TABLE IF EXISTS `enderecofornecedor`;
/*!40101 SET @saved_cs_client     = @@character_set_client */;
/*!50503 SET character_set_client = utf8mb4 */;
CREATE TABLE `enderecofornecedor` (
  `ID_EnderecoForn` int NOT NULL AUTO_INCREMENT,
  `ID_Fornecedor` int DEFAULT NULL,
  `rua` varchar(100) DEFAULT NULL,
  `numero` varchar(10) DEFAULT NULL,
  `bairro` varchar(50) DEFAULT NULL,
  `cidade` varchar(50) DEFAULT NULL,
  `estado` varchar(50) DEFAULT NULL,
  `cep` varchar(20) DEFAULT NULL,
  PRIMARY KEY (`ID_EnderecoForn`),
  KEY `ID_Fornecedor` (`ID_Fornecedor`),
  CONSTRAINT `enderecofornecedor_ibfk_1` FOREIGN KEY (`ID_Fornecedor`) REFERENCES `fornecedor` (`ID_Fornecedor`)
) ENGINE=InnoDB AUTO_INCREMENT=61 DEFAULT CHARSET=utf8mb4 COLLATE=utf8mb4_0900_ai_ci;
/*!40101 SET character_set_client = @saved_cs_client */;

--
-- Dumping data for table `enderecofornecedor`
--

LOCK TABLES `enderecofornecedor` WRITE;
/*!40000 ALTER TABLE `enderecofornecedor` DISABLE KEYS */;
INSERT INTO `enderecofornecedor` VALUES (1,1,'Av. Industrial','1000','Industrial','Santa Bárbara dOeste','SP','13450-000'),(2,2,'Av. das Nações Unidas','12551','Brooklin Novo','São Paulo','SP','04578-000'),(3,3,'Rua do Rocio','423','Vila Olímpia','São Paulo','SP','04552-000'),(4,4,'Av. Henry Ford','2000','Rudge Ramos','São Bernardo do Campo','SP','09721-000'),(5,5,'Rua José Alves dos Santos','201','Vila Arens','Jundiaí','SP','13207-000'),(6,6,'Av. Industrial','1000','Cidade Industrial','Curitiba','PR','81280-000'),(7,7,'Rodovia Presidente Dutra','KM 229','Jardim das Indústrias','São José dos Campos','SP','12240-000'),(8,8,'Rua da Mooca','2567','Mooca','São Paulo','SP','03103-000'),(9,9,'Av. Francisco Matarazzo','1700','Água Branca','São Paulo','SP','05001-000'),(10,10,'Rua Bela Cintra','986','Consolação','São Paulo','SP','01415-000'),(11,11,'Av. Paulista','1009','Bela Vista','São Paulo','SP','01310-000'),(12,12,'Av. Brigadeiro Faria Lima','1306','Pinheiros','São Paulo','SP','01451-000'),(13,13,'Av. Rebouças','3970','Pinheiros','São Paulo','SP','05402-600'),(14,14,'Rua Fidêncio Ramos','100','Vila Olímpia','São Paulo','SP','04551-000'),(15,15,'Av. Eng. Luís Carlos Berrini','500','Brooklin','São Paulo','SP','04571-000'),(16,16,'Rua Olimpíadas','360','Vila Olímpia','São Paulo','SP','04551-000'),(17,17,'Av. Juscelino Kubitschek','1900','Itaim Bibi','São Paulo','SP','04543-000'),(18,18,'Rua Gomes de Carvalho','1195','Vila Olímpia','São Paulo','SP','04547-000'),(19,19,'Av. Presidente Juscelino Kubitschek','1900','Itaim Bibi','São Paulo','SP','04543-000'),(20,20,'Rua Funchal','538','Vila Olímpia','São Paulo','SP','04551-000'),(21,21,'Av. das Nações Unidas','12901','Brooklin','São Paulo','SP','04578-000'),(22,22,'Rua Hungria','1100','Jardim Europa','São Paulo','SP','01455-000'),(23,23,'Alameda Santos','2000','Cerqueira César','São Paulo','SP','01418-000'),(24,24,'Av. Angélica','2500','Consolação','São Paulo','SP','01228-000'),(25,25,'Rua Augusta','1500','Consolação','São Paulo','SP','01305-000'),(26,26,'Alameda Jaú','1000','Jardim Paulista','São Paulo','SP','01420-000'),(27,27,'Rua Oscar Freire','2000','Cerqueira César','São Paulo','SP','01426-000'),(28,28,'Av. Europa','1000','Jardim Europa','São Paulo','SP','01449-000'),(29,29,'Rua Estados Unidos','1000','Jardim América','São Paulo','SP','01427-000'),(30,30,'Alameda Campinas','1000','Jardim Paulista','São Paulo','SP','01404-000'),(31,31,'Rua Haddock Lobo','1000','Cerqueira César','São Paulo','SP','01414-000'),(32,32,'Av. Brasil','1000','Jardim América','São Paulo','SP','01430-000'),(33,33,'Rua Dr. Melo Alves','1000','Cerqueira César','São Paulo','SP','01417-000'),(34,34,'Av. Nove de Julho','1000','Jardim Paulista','São Paulo','SP','01313-000'),(35,35,'Rua Bela Cintra','1000','Consolação','São Paulo','SP','01415-000'),(36,36,'Alameda Lorena','1000','Jardim Paulista','São Paulo','SP','01424-000'),(37,37,'Rua Padre João Manuel','1000','Cerqueira César','São Paulo','SP','01411-000'),(38,38,'Av. São Gabriel','1000','Jardim Paulista','São Paulo','SP','01435-000'),(39,39,'Rua Joaquim Floriano','1000','Itaim Bibi','São Paulo','SP','04534-000'),(40,40,'Av. Brigadeiro Luís Antônio','1000','Bela Vista','São Paulo','SP','01317-000'),(41,41,'Rua da Consolação','1000','Consolação','São Paulo','SP','01301-000'),(42,42,'Av. Ipiranga','1000','República','São Paulo','SP','01046-000'),(43,43,'Rua Xavier de Toledo','1000','República','São Paulo','SP','01048-000'),(44,44,'Av. São João','1000','Centro','São Paulo','SP','01035-000'),(45,45,'Rua Líbero Badaró','1000','Centro','São Paulo','SP','01009-000'),(46,46,'Av. Paulista','1000','Bela Vista','São Paulo','SP','01310-000'),(47,47,'Rua Treze de Maio','1000','Bela Vista','São Paulo','SP','01327-000'),(48,48,'Rua Augusta','1000','Consolação','São Paulo','SP','01305-000'),(49,49,'Alameda Santos','1000','Cerqueira César','São Paulo','SP','01418-000'),(50,50,'Av. Rebouças','1000','Pinheiros','São Paulo','SP','05402-600'),(51,51,'Rua Fradique Coutinho','1000','Pinheiros','São Paulo','SP','05416-000'),(52,52,'Rua Teodoro Sampaio','1000','Pinheiros','São Paulo','SP','05406-000'),(53,53,'Rua dos Pinheiros','1000','Pinheiros','São Paulo','SP','05422-000'),(54,54,'Rua Cardeal Arcoverde','1000','Pinheiros','São Paulo','SP','05407-000'),(55,55,'Rua Artur de Azevedo','1000','Pinheiros','São Paulo','SP','05404-000'),(56,56,'Rua dos Chanés','1000','Moema','São Paulo','SP','04086-000'),(57,57,'Av. Ibirapuera','1000','Moema','São Paulo','SP','04029-000'),(58,58,'Av. Santo Amaro','1000','Brooklin','São Paulo','SP','04745-000'),(59,59,'Av. Jornalista Roberto Marinho','1000','Brooklin','São Paulo','SP','04576-000'),(60,60,'Av. das Nações Unidas','1000','Brooklin','São Paulo','SP','04578-000');
/*!40000 ALTER TABLE `enderecofornecedor` ENABLE KEYS */;
UNLOCK TABLES;

--
-- Table structure for table `enderecofuncionario`
--

DROP TABLE IF EXISTS `enderecofuncionario`;
/*!40101 SET @saved_cs_client     = @@character_set_client */;
/*!50503 SET character_set_client = utf8mb4 */;
CREATE TABLE `enderecofuncionario` (
  `ID_EnderecoFunc` int NOT NULL AUTO_INCREMENT,
  `ID_Funcionario` int DEFAULT NULL,
  `rua` varchar(100) DEFAULT NULL,
  `numero` varchar(10) DEFAULT NULL,
  `bairro` varchar(50) DEFAULT NULL,
  `cidade` varchar(50) DEFAULT NULL,
  `estado` varchar(50) DEFAULT NULL,
  `cep` varchar(20) DEFAULT NULL,
  PRIMARY KEY (`ID_EnderecoFunc`),
  KEY `ID_Funcionario` (`ID_Funcionario`),
  CONSTRAINT `enderecofuncionario_ibfk_1` FOREIGN KEY (`ID_Funcionario`) REFERENCES `funcionario` (`ID_Funcionario`)
) ENGINE=InnoDB AUTO_INCREMENT=61 DEFAULT CHARSET=utf8mb4 COLLATE=utf8mb4_0900_ai_ci;
/*!40101 SET character_set_client = @saved_cs_client */;

--
-- Dumping data for table `enderecofuncionario`
--

LOCK TABLES `enderecofuncionario` WRITE;
/*!40000 ALTER TABLE `enderecofuncionario` DISABLE KEYS */;
INSERT INTO `enderecofuncionario` VALUES (1,1,'Rua das Flores','100','Centro','São Paulo','SP','01001-000'),(2,2,'Av. Paulista','2000','Bela Vista','São Paulo','SP','01310-000'),(3,3,'Rua Augusta','300','Consolação','São Paulo','SP','01305-000'),(4,4,'Alameda Santos','400','Cerqueira César','São Paulo','SP','01418-000'),(5,5,'Rua Oscar Freire','500','Cerqueira César','São Paulo','SP','01426-000'),(6,6,'Av. Brigadeiro Faria Lima','600','Pinheiros','São Paulo','SP','01451-000'),(7,7,'Rua Fradique Coutinho','700','Pinheiros','São Paulo','SP','05416-000'),(8,8,'Rua Teodoro Sampaio','800','Pinheiros','São Paulo','SP','05406-000'),(9,9,'Rua dos Pinheiros','900','Pinheiros','São Paulo','SP','05422-000'),(10,10,'Rua Cardeal Arcoverde','1000','Pinheiros','São Paulo','SP','05407-000'),(11,11,'Rua Artur de Azevedo','1100','Pinheiros','São Paulo','SP','05404-000'),(12,12,'Rua dos Chanés','1200','Moema','São Paulo','SP','04086-000'),(13,13,'Av. Ibirapuera','1300','Moema','São Paulo','SP','04029-000'),(14,14,'Av. Santo Amaro','1400','Brooklin','São Paulo','SP','04745-000'),(15,15,'Av. Jornalista Roberto Marinho','1500','Brooklin','São Paulo','SP','04576-000'),(16,16,'Av. das Nações Unidas','1600','Brooklin','São Paulo','SP','04578-000'),(17,17,'Rua Hungria','1700','Jardim Europa','São Paulo','SP','01455-000'),(18,18,'Alameda Santos','1800','Cerqueira César','São Paulo','SP','01418-000'),(19,19,'Av. Angélica','1900','Consolação','São Paulo','SP','01228-000'),(20,20,'Rua Augusta','2000','Consolação','São Paulo','SP','01305-000'),(21,21,'Alameda Jaú','2100','Jardim Paulista','São Paulo','SP','01420-000'),(22,22,'Rua Oscar Freire','2200','Cerqueira César','São Paulo','SP','01426-000'),(23,23,'Av. Europa','2300','Jardim Europa','São Paulo','SP','01449-000'),(24,24,'Rua Estados Unidos','2400','Jardim América','São Paulo','SP','01427-000'),(25,25,'Alameda Campinas','2500','Jardim Paulista','São Paulo','SP','01404-000'),(26,26,'Rua Haddock Lobo','2600','Cerqueira César','São Paulo','SP','01414-000'),(27,27,'Av. Brasil','2700','Jardim América','São Paulo','SP','01430-000'),(28,28,'Rua Dr. Melo Alves','2800','Cerqueira César','São Paulo','SP','01417-000'),(29,29,'Av. Nove de Julho','2900','Jardim Paulista','São Paulo','SP','01313-000'),(30,30,'Rua Bela Cintra','3000','Consolação','São Paulo','SP','01415-000'),(31,31,'Alameda Lorena','3100','Jardim Paulista','São Paulo','SP','01424-000'),(32,32,'Rua Padre João Manuel','3200','Cerqueira César','São Paulo','SP','01411-000'),(33,33,'Av. São Gabriel','3300','Jardim Paulista','São Paulo','SP','01435-000'),(34,34,'Rua Joaquim Floriano','3400','Itaim Bibi','São Paulo','SP','04534-000'),(35,35,'Av. Brigadeiro Luís Antônio','3500','Bela Vista','São Paulo','SP','01317-000'),(36,36,'Rua da Consolação','3600','Consolação','São Paulo','SP','01301-000'),(37,37,'Av. Ipiranga','3700','República','São Paulo','SP','01046-000'),(38,38,'Rua Xavier de Toledo','3800','República','São Paulo','SP','01048-000'),(39,39,'Av. São João','3900','Centro','São Paulo','SP','01035-000'),(40,40,'Rua Líbero Badaró','4000','Centro','São Paulo','SP','01009-000'),(41,41,'Av. Paulista','4100','Bela Vista','São Paulo','SP','01310-000'),(42,42,'Rua Treze de Maio','4200','Bela Vista','São Paulo','SP','01327-000'),(43,43,'Rua Augusta','4300','Consolação','São Paulo','SP','01305-000'),(44,44,'Alameda Santos','4400','Cerqueira César','São Paulo','SP','01418-000'),(45,45,'Av. Rebouças','4500','Pinheiros','São Paulo','SP','05402-600'),(46,46,'Rua Fradique Coutinho','4600','Pinheiros','São Paulo','SP','05416-000'),(47,47,'Rua Teodoro Sampaio','4700','Pinheiros','São Paulo','SP','05406-000'),(48,48,'Rua dos Pinheiros','4800','Pinheiros','São Paulo','SP','05422-000'),(49,49,'Rua Cardeal Arcoverde','4900','Pinheiros','São Paulo','SP','05407-000'),(50,50,'Rua Artur de Azevedo','5000','Pinheiros','São Paulo','SP','05404-000'),(51,51,'Rua dos Chanés','5100','Moema','São Paulo','SP','04086-000'),(52,52,'Av. Ibirapuera','5200','Moema','São Paulo','SP','04029-000'),(53,53,'Av. Santo Amaro','5300','Brooklin','São Paulo','SP','04745-000'),(54,54,'Av. Jornalista Roberto Marinho','5400','Brooklin','São Paulo','SP','04576-000'),(55,55,'Av. das Nações Unidas','5500','Brooklin','São Paulo','SP','04578-000'),(56,56,'Rua Hungria','5600','Jardim Europa','São Paulo','SP','01455-000'),(57,57,'Alameda Santos','5700','Cerqueira César','São Paulo','SP','01418-000'),(58,58,'Av. Angélica','5800','Consolação','São Paulo','SP','01228-000'),(59,59,'Rua Augusta','5900','Consolação','São Paulo','SP','01305-000'),(60,60,'Alameda Jaú','6000','Jardim Paulista','São Paulo','SP','01420-000');
/*!40000 ALTER TABLE `enderecofuncionario` ENABLE KEYS */;
UNLOCK TABLES;

--
-- Table structure for table `fornecedor`
--

DROP TABLE IF EXISTS `fornecedor`;
/*!40101 SET @saved_cs_client     = @@character_set_client */;
/*!50503 SET character_set_client = utf8mb4 */;
CREATE TABLE `fornecedor` (
  `ID_Fornecedor` int NOT NULL AUTO_INCREMENT,
  `NM_Fornecedor` varchar(100) NOT NULL,
  `CNPJ` varchar(20) NOT NULL,
  `telefone` varchar(20) DEFAULT NULL,
  `email` varchar(100) DEFAULT NULL,
  `website` varchar(100) DEFAULT NULL,
  `cadastrado_por` int DEFAULT NULL,
  PRIMARY KEY (`ID_Fornecedor`),
  UNIQUE KEY `CNPJ` (`CNPJ`),
  KEY `cadastrado_por` (`cadastrado_por`),
  CONSTRAINT `fornecedor_ibfk_1` FOREIGN KEY (`cadastrado_por`) REFERENCES `funcionario` (`ID_Funcionario`)
) ENGINE=InnoDB AUTO_INCREMENT=61 DEFAULT CHARSET=utf8mb4 COLLATE=utf8mb4_0900_ai_ci;
/*!40101 SET character_set_client = @saved_cs_client */;

--
-- Dumping data for table `fornecedor`
--

LOCK TABLES `fornecedor` WRITE;
/*!40000 ALTER TABLE `fornecedor` DISABLE KEYS */;
INSERT INTO `fornecedor` VALUES (1,'Plastic Machinery Inc','12.345.678/0001-01','(11) 1234-5678','vendas@plasticmachinery.com','www.plasticmachinery.com',1),(2,'Injection Tech Ltda','23.456.789/0001-02','(11) 2345-6789','contato@injectiontech.com.br','www.injectiontech.com.br',2),(3,'Mold Solutions SA','34.567.891/0001-03','(11) 3456-7890','comercial@moldsolutions.com','www.moldsolutions.com',3),(4,'Precision Molds','45.678.912/0001-04','(11) 4567-8901','vendas@precisionmolds.com.br','www.precisionmolds.com',1),(5,'Polymer Equipment','56.789.123/0001-05','(11) 5678-9012','contato@polymer.com.br','www.polymerequipment.com',2),(6,'Advanced Plastics Tech','67.891.234/0001-06','(11) 6789-0123','vendas@advancedplastics.com','www.advancedplastics.com',3),(7,'Injection Pro','78.912.345/0001-07','(11) 7890-1234','contato@injectionpro.com.br','www.injectionpro.com.br',1),(8,'Mold & Die Experts','89.123.456/0001-08','(11) 8901-2345','vendas@moldexperts.com','www.moldexperts.com',2),(9,'Plastic Innovators','90.234.567/0001-09','(11) 9012-3456','comercial@plasticinnovators.com.br','www.plasticinnovators.com',3),(10,'Precision Injection','01.345.678/0001-10','(11) 1234-5679','vendas@precisioninjection.com','www.precisioninjection.com',1),(11,'Tech Molding Solutions','12.456.789/0001-11','(11) 2345-6780','contato@techmolding.com.br','www.techmolding.com',2),(12,'Polymer Processing','23.567.891/0001-12','(11) 3456-7891','vendas@polymerprocessing.com','www.polymerprocessing.com',3),(13,'Advanced Molding Tech','34.678.912/0001-13','(11) 4567-8902','comercial@advancedmolding.com.br','www.advancedmolding.com',1),(14,'Injection Systems','45.789.123/0001-14','(11) 5678-9013','vendas@injectionsystems.com','www.injectionsystems.com',2),(15,'Mold Masters','56.891.234/0001-15','(11) 6789-0124','contato@moldmasters.com.br','www.moldmasters.com.br',3),(16,'Plastic Engineering','67.912.345/0001-16','(11) 7890-1235','vendas@plasticengineering.com','www.plasticengineering.com',1),(17,'Precision Plastics','78.123.456/0001-17','(11) 8901-2346','comercial@precisionplastics.com.br','www.precisionplastics.com',2),(18,'Injection Technologies','89.234.567/0001-18','(11) 9012-3457','vendas@injectiontechs.com','www.injectiontechs.com',3),(19,'Mold Innovation','90.345.678/0001-19','(11) 1234-5680','contato@moldinnovation.com.br','www.moldinnovation.com.br',1),(20,'Polymer Solutions','01.456.789/0001-20','(11) 2345-6781','vendas@polymersolutions.com','www.polymersolutions.com',2),(21,'Advanced Injection','12.567.891/0001-21','(11) 3456-7892','comercial@advancedinjection.com.br','www.advancedinjection.com',3),(22,'Mold Tech','23.678.912/0001-22','(11) 4567-8903','vendas@moldtech.com','www.moldtech.com',1),(23,'Plastic Systems','34.789.123/0001-23','(11) 5678-9014','contato@plasticsystems.com.br','www.plasticsystems.com.br',2),(24,'Precision Molding','45.891.234/0001-24','(11) 6789-0125','vendas@precisionmolding.com','www.precisionmolding.com',3),(25,'Injection Experts','56.912.345/0001-25','(11) 7890-1236','comercial@injectionexperts.com.br','www.injectionexperts.com',1),(26,'Mold Engineering','67.123.456/0001-26','(11) 8901-2347','vendas@moldengineering.com','www.moldengineering.com',2),(27,'Polymer Tech','78.234.567/0001-27','(11) 9012-3458','contato@polyertech.com.br','www.polymertech.com.br',3),(28,'Advanced Mold Solutions','89.345.678/0001-28','(11) 1234-5681','vendas@advancedmolds.com','www.advancedmolds.com',1),(29,'Injection Innovations','90.456.789/0001-29','(11) 2345-6782','comercial@injectioninnovations.com.br','www.injectioninnovations.com',2),(30,'Mold Processing','01.567.891/0001-30','(11) 3456-7893','vendas@moldprocessing.com','www.moldprocessing.com',3),(31,'Plastic Tech','12.678.912/0001-31','(11) 4567-8904','contato@plastictech.com.br','www.plastictech.com.br',1),(32,'Precision Injection Tech','23.789.123/0001-32','(11) 5678-9015','vendas@precisioninjectiontech.com','www.precisioninjectiontech.com',2),(33,'Injection Molding Systems','34.891.234/0001-33','(11) 6789-0126','comercial@injectionmoldingsystems.com.br','www.injectionmoldingsystems.com',3),(34,'Mold Tech Solutions','45.912.345/0001-34','(11) 7890-1237','vendas@moldtechsolutions.com','www.moldtechsolutions.com',1),(35,'Plastic Injection Experts','56.123.456/0001-35','(11) 8901-2348','contato@plasticinjectionexperts.com.br','www.plasticinjectionexperts.com.br',2),(36,'Advanced Molding Systems','67.234.567/0001-36','(11) 9012-3459','vendas@advancedmoldingsystems.com','www.advancedmoldingsystems.com',3),(37,'Injection Engineering','78.345.678/0001-37','(11) 1234-5682','comercial@injectionengineering.com.br','www.injectionengineering.com',1),(38,'Mold & Plastic Tech','89.456.789/0001-38','(11) 2345-6783','vendas@moldplastictech.com','www.moldplastictech.com',2),(39,'Polymer Molding Solutions','90.567.891/0001-39','(11) 3456-7894','contato@polymermoldingsolutions.com.br','www.polymermoldingsolutions.com.br',3),(40,'Precision Plastic Molding','01.678.912/0001-40','(11) 4567-8905','vendas@precisionplasticmolding.com','www.precisionplasticmolding.com',1),(41,'Injection Mold Tech','12.789.123/0001-41','(11) 5678-9016','comercial@injectionmoldtech.com.br','www.injectionmoldtech.com.br',2),(42,'Advanced Plastic Injection','23.891.234/0001-42','(11) 6789-0127','vendas@advancedplasticinjection.com','www.advancedplasticinjection.com',3),(43,'Mold & Die Tech','34.912.345/0001-43','(11) 7890-1238','contato@molddietech.com.br','www.molddietech.com.br',1),(44,'Plastic Molding Systems','45.123.456/0001-44','(11) 8901-2349','vendas@plasticmoldingsystems.com','www.plasticmoldingsystems.com',2),(45,'Precision Mold Tech','56.234.567/0001-45','(11) 9012-3460','comercial@precisionmoldtech.com.br','www.precisionmoldtech.com.br',3),(46,'Injection Plastic Solutions','67.345.678/0001-46','(11) 1234-5683','vendas@injectionplasticsolutions.com','www.injectionplasticsolutions.com',1),(47,'Mold & Plastic Systems','78.456.789/0001-47','(11) 2345-6784','contato@moldplasticsystems.com.br','www.moldplasticsystems.com.br',2),(48,'Polymer Injection Tech','89.567.891/0001-48','(11) 3456-7895','vendas@polymerinjectiontech.com','www.polymerinjectiontech.com',3),(49,'Advanced Mold Engineering','90.678.912/0001-49','(11) 4567-8906','comercial@advancedmoldengineering.com.br','www.advancedmoldengineering.com.br',1),(50,'Injection Molding Tech','01.789.123/0001-50','(11) 5678-9017','vendas@injectionmoldingtech.com','www.injectionmoldingtech.com',2),(51,'Mold & Injection Systems','12.891.234/0001-51','(11) 6789-0128','contato@moldinjectionsystems.com.br','www.moldinjectionsystems.com.br',3),(52,'Plastic Mold Solutions','23.912.345/0001-52','(11) 7890-1239','vendas@plasticmoldsolutions.com','www.plasticmoldsolutions.com',1),(53,'Precision Injection Molding','34.123.456/0001-53','(11) 8901-2350','comercial@precisioninjectionmolding.com.br','www.precisioninjectionmolding.com.br',2),(54,'Injection Mold Systems','45.234.567/0001-54','(11) 9012-3461','vendas@injectionmoldsystems.com','www.injectionmoldsystems.com',3),(55,'Mold & Plastic Engineering','56.345.678/0001-55','(11) 1234-5684','contato@moldplasticengineering.com.br','www.moldplasticengineering.com.br',1),(56,'Polymer Mold Tech','67.456.789/0001-56','(11) 2345-6785','vendas@polymermoldtech.com','www.polymermoldtech.com',2),(57,'Advanced Injection Systems','78.567.891/0001-57','(11) 3456-7896','comercial@advancedinjectionsystems.com.br','www.advancedinjectionsystems.com.br',3),(58,'Mold & Injection Tech','89.678.912/0001-58','(11) 4567-8907','vendas@moldinjectiontech.com','www.moldinjectiontech.com',1),(59,'Plastic Injection Systems','90.789.123/0001-59','(11) 5678-9018','contato@plasticinjectionsystems.com.br','www.plasticinjectionsystems.com.br',2),(60,'Precision Mold Engineering','01.891.234/0001-60','(11) 6789-0129','vendas@precisionmoldengineering.com','www.precisionmoldengineering.com',3);
/*!40000 ALTER TABLE `fornecedor` ENABLE KEYS */;
UNLOCK TABLES;

--
-- Table structure for table `funcionario`
--

DROP TABLE IF EXISTS `funcionario`;
/*!40101 SET @saved_cs_client     = @@character_set_client */;
/*!50503 SET character_set_client = utf8mb4 */;
CREATE TABLE `funcionario` (
  `ID_Funcionario` int NOT NULL AUTO_INCREMENT,
  `nome` varchar(100) NOT NULL,
  `cargo` varchar(50) DEFAULT NULL,
  `telefone` varchar(20) DEFAULT NULL,
  `email` varchar(100) DEFAULT NULL,
  `usuario` varchar(50) NOT NULL,
  `senha` varchar(255) NOT NULL,
  `permissao` varchar(20) DEFAULT NULL,
  `situacao` varchar(20) DEFAULT NULL,
  `data_admissao` date DEFAULT NULL,
  PRIMARY KEY (`ID_Funcionario`),
  UNIQUE KEY `usuario` (`usuario`),
  UNIQUE KEY `email` (`email`)
) ENGINE=InnoDB AUTO_INCREMENT=63 DEFAULT CHARSET=utf8mb4 COLLATE=utf8mb4_0900_ai_ci;
/*!40101 SET character_set_client = @saved_cs_client */;

--
-- Dumping data for table `funcionario`
--

LOCK TABLES `funcionario` WRITE;
/*!40000 ALTER TABLE `funcionario` DISABLE KEYS */;
INSERT INTO `funcionario` VALUES (1,'Vinicius Passos','Diretor Comercial','(47) 9999-5122','vinicius.passos@forneinjet.com.br','vpassos','goat','admin','ativo','2015-03-10'),(2,'Bruno Oliveira','Técnico de Manutenção','(11) 98765-2222','bruno.oliveira@forneinjet.com.br','bruno.tec','T3cn1c0@','usuario','ativo','2019-07-22'),(3,'Carla Santos','Assistente Administrativo','(11) 98765-3333','carla.santos@forneinjet.com.br','carla.adm','Adm1n!2023','usuario','ativo','2021-05-10'),(4,'Daniel Costa','Engenheiro de Processos','(11) 98765-4444','daniel.costa@forneinjet.com.br','daniel.eng','Pr0c3ss0s#','admin','ativo','2018-11-30'),(5,'Elaine Pereira','Coordenadora de Qualidade','(11) 98765-5555','elaine.pereira@forneinjet.com.br','elaine.qual','Qu@l1d@d3','admin','ativo','2020-09-17'),(6,'Fábio Mendes','Supervisor de Logística','(11) 98765-6666','fabio.mendes@forneinjet.com.br','fabio.log','L0g!st1c@','usuario','ativo','2019-04-28'),(7,'Gabriela Rocha','Analista de RH','(11) 98765-7777','gabriela.rocha@forneinjet.com.br','gabriela.rh','RH@2023!','usuario','ativo','2021-02-14'),(8,'Henrique Alves','Técnico Eletricista','(11) 98765-8888','henrique.alves@forneinjet.com.br','henrique.elet','El3tr!c0#','usuario','ativo','2020-08-19'),(9,'Isabela Martins','Gerente Financeiro','(11) 98765-9999','isabela.martins@forneinjet.com.br','isabela.fin','F1n@nc3!r0','admin','ativo','2017-12-05'),(10,'João Pedro Souza','Operador de Máquinas','(11) 98765-0000','joao.souza@forneinjet.com.br','joao.op','0p3r@d0r','usuario','ativo','2022-03-20'),(11,'Karen Lima','Analista de Marketing','(11) 98765-1212','karen.lima@forneinjet.com.br','karen.mkt','M@rk3t!ng','usuario','ativo','2021-10-11'),(12,'Lucas Fernandes','Supervisor de Produção','(11) 98765-2323','lucas.fernandes@forneinjet.com.br','lucas.sup','Sup3rv!s0r','usuario','ativo','2019-04-25'),(13,'Mariana Castro','Assistente de Vendas','(11) 98765-3434','mariana.castro@forneinjet.com.br','mariana.vend','V3nd@s!','usuario','ativo','2022-07-08'),(14,'Nicolas Gomes','Técnico em Mecânica','(11) 98765-4545','nicolas.gomes@forneinjet.com.br','nicolas.mec','M3c@n1c@','usuario','ativo','2020-01-15'),(15,'Olivia Rodrigues','Diretora Industrial','(11) 98765-5656','olivia.rodrigues@forneinjet.com.br','olivia.dir','D1r3t0r@','admin','ativo','2016-05-18'),(16,'Paulo Henrique','Coordenador de TI','(11) 98765-6767','paulo.henrique@forneinjet.com.br','paulo.ti','T3cn0l0g1@','admin','ativo','2018-09-22'),(17,'Queila Barbosa','Analista de Qualidade','(11) 98765-7878','queila.barbosa@forneinjet.com.br','queila.qual','Qu@l!ty2023','usuario','ativo','2021-11-30'),(18,'Rafael Nunes','Técnico em Automação','(11) 98765-8989','rafael.nunes@forneinjet.com.br','rafael.aut','@ut0m@c@0','usuario','ativo','2020-06-15'),(19,'Sandra Vieira','Gerente de Projetos','(11) 98765-9090','sandra.vieira@forneinjet.com.br','sandra.proj','Pr0j3t0s#','admin','ativo','2017-03-10'),(20,'Thiago Oliveira','Analista de Processos','(11) 98765-0101','thiago.oliveira@forneinjet.com.br','thiago.proc','Pr0c3ss0$','usuario','ativo','2022-01-05'),(21,'Úrsula Almeida','Assistente Financeiro','(11) 98765-1112','ursula.almeida@forneinjet.com.br','ursula.fin','F1n@nc3!','usuario','ativo','2021-08-12'),(22,'Vagner Costa','Técnico em Refrigeração','(11) 98765-2223','vagner.costa@forneinjet.com.br','vagner.ref','R3fr!ger@','usuario','ativo','2019-10-25'),(23,'Wanessa Lima','Analista de Compras','(11) 98765-3334','wanessa.lima@forneinjet.com.br','wanessa.comp','C0mpr@s!','usuario','ativo','2020-07-18'),(24,'Xavier Martins','Supervisor de Manutenção','(11) 98765-4445','xavier.martins@forneinjet.com.br','xavier.man','M@nut3nc@0','admin','ativo','2018-04-30'),(25,'Yasmin Gonçalves','Assistente de RH','(11) 98765-5556','yasmin.goncalves@forneinjet.com.br','yasmin.rh','RH@ss!st','usuario','ativo','2022-02-28'),(26,'Zélia Santos','Gerente de Vendas','(11) 98765-6667','zelia.santos@forneinjet.com.br','zelia.vend','V3nd@sG3r','admin','ativo','2017-09-15'),(27,'André Luiz','Analista de Sistemas','(11) 98765-7778','andre.luiz@forneinjet.com.br','andre.sis','S!st3m@s','usuario','ativo','2021-06-20'),(28,'Bianca Rocha','Coordenadora Comercial','(11) 98765-8889','bianca.rocha@forneinjet.com.br','bianca.com','C0m3rc!@l','admin','ativo','2019-03-12'),(29,'Caio Fernandes','Técnico em Pneumática','(11) 98765-9990','caio.fernandes@forneinjet.com.br','caio.pneu','Pn3um@t!c','usuario','ativo','2020-11-05'),(30,'Débora Alves','Analista de Logística','(11) 98765-0001','debora.alves@forneinjet.com.br','debora.log','L0g!st1c@','usuario','ativo','2021-09-22'),(31,'Eduardo Nunes','Supervisor de Qualidade','(11) 98765-1113','eduardo.nunes@forneinjet.com.br','eduardo.qual','Qu@l!tySup','admin','ativo','2018-07-14'),(32,'Fernanda Castro','Assistente de Produção','(11) 98765-2224','fernanda.castro@forneinjet.com.br','fernanda.prod','Pr0d@ss!st','usuario','ativo','2022-04-05'),(33,'Gustavo Henrique','Técnico em Eletrônica','(11) 98765-3335','gustavo.henrique@forneinjet.com.br','gustavo.elet','El3tr0n!c','usuario','ativo','2020-02-18'),(34,'Helena Martins','Analista Financeiro','(11) 98765-4446','helena.martins@forneinjet.com.br','helena.fin','F1n@nc3!','usuario','ativo','2019-01-30'),(35,'Igor Souza','Coordenador de Manutenção','(11) 98765-5557','igor.souza@forneinjet.com.br','igor.man','M@nut3nc@0','admin','ativo','2017-08-25'),(36,'Juliana Lima','Assistente de Compras','(11) 98765-6668','juliana.lima@forneinjet.com.br','juliana.comp','C0mpr@s!','usuario','ativo','2021-12-10'),(37,'Kleber Oliveira','Técnico em Usinagem','(11) 98765-7779','kleber.oliveira@forneinjet.com.br','kleber.usin','Us!n@g3m','usuario','ativo','2020-05-15'),(38,'Larissa Costa','Gerente de Logística','(11) 98765-8880','larissa.costa@forneinjet.com.br','larissa.log','L0g!st1c@','admin','ativo','2018-02-28'),(39,'Marcos Vinicius','Analista de Produção','(11) 98765-9991','marcos.vinicius@forneinjet.com.br','marcos.prod','Pr0d@n@l','usuario','ativo','2021-07-20'),(40,'Natalia Almeida','Técnica em Qualidade','(11) 98765-0002','natalia.almeida@forneinjet.com.br','natalia.qual','Qu@l!tyT3c','usuario','ativo','2019-11-12'),(41,'Otávio Rocha','Supervisor de Compras','(11) 98765-1114','otavio.rocha@forneinjet.com.br','otavio.comp','C0mpr@sSup','admin','ativo','2017-06-05'),(42,'Patricia Gomes','Assistente de RH','(11) 98765-2225','patricia.gomes@forneinjet.com.br','patricia.rh','RH@ss!st','usuario','ativo','2022-03-18'),(43,'Quiteria Santos','Analista de TI','(11) 98765-3336','quiteria.santos@forneinjet.com.br','quiteria.ti','T3ch@n@l','usuario','ativo','2020-10-22'),(44,'Ricardo Lima','Coordenador de Produção','(11) 98765-4447','ricardo.lima@forneinjet.com.br','ricardo.prod','Pr0dC00rd','admin','ativo','2018-05-15'),(45,'Sueli Oliveira','Técnica em Segurança','(11) 98765-5558','sueli.oliveira@forneinjet.com.br','sueli.seg','S3gur@nc@','usuario','ativo','2021-04-30'),(46,'Thales Martins','Analista de Manutenção','(11) 98765-6669','thales.martins@forneinjet.com.br','thales.man','M@nut3n@l','usuario','ativo','2019-09-10'),(47,'Ulysses Costa','Gerente de Qualidade','(11) 98765-7770','ulysses.costa@forneinjet.com.br','ulysses.qual','Qu@l!tyG3r','admin','ativo','2017-04-25'),(48,'Vanessa Rocha','Assistente de Vendas','(11) 98765-8881','vanessa.rocha@forneinjet.com.br','vanessa.vend','V3nd@ss!st','usuario','ativo','2020-12-15'),(49,'Wagner Souza','Técnico em Caldeiraria','(11) 98765-9992','wagner.souza@forneinjet.com.br','wagner.cald','C@ld3!r@','usuario','ativo','2021-01-20'),(50,'Xenia Alves','Analista Comercial','(11) 98765-0003','xenia.alves@forneinjet.com.br','xenia.com','C0m3rc!@l','usuario','ativo','2018-08-05'),(51,'Yago Mendes','Supervisor de TI','(11) 98765-1115','yago.mendes@forneinjet.com.br','yago.ti','T3chSup','admin','ativo','2019-03-28'),(52,'Zacarias Gomes','Coordenador de Vendas','(11) 98765-2226','zacarias.gomes@forneinjet.com.br','zacarias.vend','V3nd@sC00','admin','ativo','2017-10-10'),(53,'Alice Pereira','Assistente de Marketing','(11) 98765-3337','alice.pereira@forneinjet.com.br','alice.mkt','M@rk3t!ng','usuario','ativo','2020-07-22'),(54,'Bernardo Castro','Técnico em Instrumentação','(11) 98765-4448','bernardo.castro@forneinjet.com.br','bernardo.inst','!nstrum3nt','usuario','ativo','2021-05-15'),(55,'Clara Nunes','Analista de Recursos Humanos','(11) 98765-5559','clara.nunes@forneinjet.com.br','clara.rh','RH@n@l!st','usuario','ativo','2018-12-30'),(56,'Diego Oliveira','Supervisor de Segurança','(11) 98765-6660','diego.oliveira@forneinjet.com.br','diego.seg','S3gur@nc@','admin','ativo','2019-06-18'),(57,'Elisa Martins','Coordenadora de Logística','(11) 98765-7771','elisa.martins@forneinjet.com.br','elisa.log','L0g!st1c@','admin','ativo','2017-01-25'),(58,'Fabio Henrique','Técnico em Robótica','(11) 98765-8882','fabio.henrique@forneinjet.com.br','fabio.rob','R0b0t!c@','usuario','ativo','2020-09-10'),(59,'Giovanna Almeida','Assistente de Qualidade','(11) 98765-9993','giovanna.almeida@forneinjet.com.br','giovanna.qual','Qu@l!ty@ss','usuario','ativo','2021-02-05'),(60,'Heitor Costa','Analista de Processos','(11) 98765-0004','heitor.costa@forneinjet.com.br','heitor.proc','Pr0c3ss0$','usuario','ativo','2018-05-20'),(61,'Isadora Rocha','Gerente de TI','(11) 98765-1116','isadora.rocha@forneinjet.com.br','isadora.ti','T3chG3r','admin','ativo','2019-10-15'),(62,'João Victor','Técnico em Refrigeração','(11) 98765-2227','joao.victor@forneinjet.com.br','joao.ref','R3fr!ger@','usuario','ativo','2020-04-28');
/*!40000 ALTER TABLE `funcionario` ENABLE KEYS */;
UNLOCK TABLES;

--
-- Table structure for table `injetora`
--

DROP TABLE IF EXISTS `injetora`;
/*!40101 SET @saved_cs_client     = @@character_set_client */;
/*!50503 SET character_set_client = utf8mb4 */;
CREATE TABLE `injetora` (
  `ID_Injetora` int NOT NULL AUTO_INCREMENT,
  `marca` varchar(50) DEFAULT NULL,
  `modelo` varchar(50) DEFAULT NULL,
  `tipo_de_controle` varchar(50) DEFAULT NULL,
  `capacidade_de_injecao` int DEFAULT NULL,
  `forca_de_fechamento` int DEFAULT NULL,
  `preco_medio_USD` decimal(10,2) DEFAULT NULL,
  `preco_medio_BRL` decimal(10,2) DEFAULT NULL,
  `quantidade` int DEFAULT '0',
  `observacao` text,
  `ID_Fornecedor` int DEFAULT NULL,
  PRIMARY KEY (`ID_Injetora`),
  KEY `ID_Fornecedor` (`ID_Fornecedor`),
  CONSTRAINT `injetora_ibfk_1` FOREIGN KEY (`ID_Fornecedor`) REFERENCES `fornecedor` (`ID_Fornecedor`)
) ENGINE=InnoDB AUTO_INCREMENT=69 DEFAULT CHARSET=utf8mb4 COLLATE=utf8mb4_0900_ai_ci;
/*!40101 SET character_set_client = @saved_cs_client */;

--
-- Dumping data for table `injetora`
--

LOCK TABLES `injetora` WRITE;
/*!40000 ALTER TABLE `injetora` DISABLE KEYS */;
INSERT INTO `injetora` VALUES (1,'Arburg','Allrounder 470','Hidráulico',470,4700,340000.00,1700000.00,2,'Série Allrounder com alta precisão',5),(2,'Engel','Victory 650','Eletrico',650,6500,520000.00,2600000.00,1,'Tecnologia austríaca de ponta',4),(3,'Haitian','Mars 280','Hidráulico',280,2800,220000.00,1100000.00,3,'Custo-benefício excelente',3),(4,'Yizumi','Hybrid 450T','Hibrido',450,4500,420000.00,2100000.00,2,'Tecnologia chinesa avançada',2),(5,'Romi','Victory 750','Hidráulico',750,7500,380000.00,1900000.00,1,'Alta capacidade de produção',1),(6,'Negri Bossi','Vista 480','Hidráulico',480,4800,310000.00,1550000.00,2,'Tecnologia italiana',6),(7,'Husky','HyPET 450','Hidráulico',450,4500,480000.00,2400000.00,1,'Especial para embalagens PET',7),(8,'Toyo','TI-350G','Hidráulico',350,3500,290000.00,1450000.00,3,'Tecnologia japonesa',9),(9,'Nissei','FNX350-III','Eletro-hidráulico',350,3500,320000.00,1600000.00,2,'Controle híbrido',10),(10,'Sumitomo','SE250EV','Eletrico',250,2500,380000.00,1900000.00,1,'Máquina totalmente elétrica',11),(11,'KraussMaffei','CX 450-2500','Hidráulico',450,4500,480000.00,2400000.00,1,'Tecnologia alemã',12),(12,'Milacron','Elektron 750','Eletrico',750,7500,650000.00,3250000.00,1,'Grande capacidade',13),(13,'Wittmann Battenfeld','SmartPower 180','Servo-hidráulico',180,1800,220000.00,1100000.00,4,'Compacta e eficiente',14),(14,'Fanuc','Roboshot α-S150iA','Eletrico',150,1500,420000.00,2100000.00,2,'Precisão robótica',15),(15,'Demag','IntElect 350/1000-550','Eletrico',350,3500,360000.00,1800000.00,3,'Sistema inteligente',16),(16,'Battenfeld','HM 250/450H','Hidráulico',250,2500,290000.00,1450000.00,2,'Alta produtividade',17),(17,'Netstal','Elion 2500-400','Eletrico',400,4000,490000.00,2450000.00,1,'Para aplicações médicas',18),(18,'Arburg','Allrounder 370','Hidráulico',370,3700,310000.00,1550000.00,3,'Precisão alemã',5),(19,'Engel','Victory 450','Eletrico',450,4500,480000.00,2400000.00,2,'Tecnologia austríaca',4),(20,'Haitian','Mars 350','Hidráulico',350,3500,240000.00,1200000.00,4,'Excelente custo-benefício',3),(21,'Yizumi','Hybrid 550T','Hibrido',550,5500,450000.00,2250000.00,1,'Tecnologia avançada',2),(22,'Romi','Victory 850','Hidráulico',850,8500,420000.00,2100000.00,1,'Alta capacidade',1),(23,'Negri Bossi','Vista 550','Hidráulico',550,5500,340000.00,1700000.00,2,'Tecnologia italiana',6),(24,'Husky','HyPET 600','Hidráulico',600,6000,550000.00,2750000.00,1,'Para embalagens PET',7),(25,'Toyo','TI-450G','Hidráulico',450,4500,320000.00,1600000.00,2,'Tecnologia japonesa',9),(26,'Nissei','FNX450-III','Eletro-hidráulico',450,4500,350000.00,1750000.00,1,'Controle híbrido',10),(27,'Sumitomo','SE350EV','Eletrico',350,3500,420000.00,2100000.00,1,'Máquina elétrica',11),(28,'KraussMaffei','CX 550-3000','Hidráulico',550,5500,520000.00,2600000.00,1,'Tecnologia alemã',12),(29,'Milacron','Elektron 850','Eletrico',850,8500,700000.00,3500000.00,1,'Grande capacidade',13),(30,'Wittmann Battenfeld','SmartPower 250','Servo-hidráulico',250,2500,260000.00,1300000.00,3,'Compacta e eficiente',14),(31,'Fanuc','Roboshot α-S200iA','Eletrico',200,2000,450000.00,2250000.00,2,'Precisão robótica',15),(32,'Demag','IntElect 400/1200-650','Eletrico',400,4000,390000.00,1950000.00,2,'Sistema inteligente',16),(33,'Battenfeld','HM 300/600H','Hidráulico',300,3000,320000.00,1600000.00,2,'Alta produtividade',17),(34,'Netstal','Elion 3000-500','Eletrico',500,5000,520000.00,2600000.00,1,'Para aplicações médicas',18),(35,'Arburg','Allrounder 570','Hidráulico',570,5700,380000.00,1900000.00,1,'Precisão alemã',5),(36,'Engel','Victory 850','Eletrico',850,8500,580000.00,2900000.00,1,'Tecnologia austríaca',4),(37,'Haitian','Mars 450','Hidráulico',450,4500,260000.00,1300000.00,2,'Excelente custo-benefício',3),(38,'Yizumi','Hybrid 650T','Hibrido',650,6500,480000.00,2400000.00,1,'Tecnologia avançada',2),(39,'Romi','Victory 950','Hidráulico',950,9500,450000.00,2250000.00,1,'Alta capacidade',1),(40,'Negri Bossi','Vista 650','Hidráulico',650,6500,370000.00,1850000.00,1,'Tecnologia italiana',6),(41,'Husky','HyPET 750','Hidráulico',750,7500,600000.00,3000000.00,1,'Para embalagens PET',7),(42,'Toyo','TI-550G','Hidráulico',550,5500,350000.00,1750000.00,1,'Tecnologia japonesa',9),(43,'Nissei','FNX550-III','Eletro-hidráulico',550,5500,380000.00,1900000.00,1,'Controle híbrido',10),(44,'Sumitomo','SE450EV','Eletrico',450,4500,450000.00,2250000.00,1,'Máquina elétrica',11),(45,'KraussMaffei','CX 650-3500','Hidráulico',650,6500,550000.00,2750000.00,1,'Tecnologia alemã',12),(46,'Milacron','Elektron 950','Eletrico',950,9500,750000.00,3750000.00,1,'Grande capacidade',13),(47,'Wittmann Battenfeld','SmartPower 350','Servo-hidráulico',350,3500,300000.00,1500000.00,2,'Compacta e eficiente',14),(48,'Fanuc','Roboshot α-S300iA','Eletrico',300,3000,480000.00,2400000.00,1,'Precisão robótica',15),(49,'Demag','IntElect 500/1500-750','Eletrico',500,5000,420000.00,2100000.00,1,'Sistema inteligente',16),(50,'Battenfeld','HM 400/800H','Hidráulico',400,4000,350000.00,1750000.00,1,'Alta produtividade',17),(51,'Netstal','Elion 3500-600','Eletrico',600,6000,550000.00,2750000.00,1,'Para aplicações médicas',18),(52,'Arburg','Allrounder 670','Hidráulico',670,6700,420000.00,2100000.00,1,'Precisão alemã',5),(53,'Engel','Victory 1050','Eletrico',1050,10500,650000.00,3250000.00,1,'Tecnologia austríaca',4),(54,'Haitian','Mars 550','Hidráulico',550,5500,290000.00,1450000.00,1,'Excelente custo-benefício',3),(55,'Yizumi','Hybrid 750T','Hibrido',750,7500,520000.00,2600000.00,1,'Tecnologia avançada',2),(56,'Romi','Victory 1150','Hidráulico',1150,11500,500000.00,2500000.00,1,'Alta capacidade',1),(57,'Negri Bossi','Vista 750','Hidráulico',750,7500,400000.00,2000000.00,1,'Tecnologia italiana',6),(58,'Husky','HyPET 900','Hidráulico',900,9000,680000.00,3400000.00,1,'Para embalagens PET',7),(59,'Toyo','TI-650G','Hidráulico',650,6500,380000.00,1900000.00,1,'Tecnologia japonesa',9),(60,'Nissei','FNX650-III','Eletro-hidráulico',650,6500,410000.00,2050000.00,1,'Controle híbrido',10),(61,'Sumitomo','SE550EV','Eletrico',550,5500,480000.00,2400000.00,1,'Máquina elétrica',11),(62,'KraussMaffei','CX 750-4000','Hidráulico',750,7500,600000.00,3000000.00,1,'Tecnologia alemã',12),(63,'Milacron','Elektron 1050','Eletrico',1050,10500,800000.00,4000000.00,1,'Grande capacidade',13),(64,'Wittmann Battenfeld','SmartPower 450','Servo-hidráulico',450,4500,340000.00,1700000.00,1,'Compacta e eficiente',14),(65,'Fanuc','Roboshot α-S400iA','Eletrico',400,4000,520000.00,2600000.00,1,'Precisão robótica',15),(66,'Demag','IntElect 600/1800-850','Eletrico',600,6000,450000.00,2250000.00,1,'Sistema inteligente',16),(67,'Battenfeld','HM 500/1000H','Hidráulico',500,5000,380000.00,1900000.00,1,'Alta produtividade',17),(68,'Netstal','Elion 4000-700','Eletrico',700,7000,600000.00,3000000.00,1,'Para aplicações médicas',18);
/*!40000 ALTER TABLE `injetora` ENABLE KEYS */;
UNLOCK TABLES;

--
-- Table structure for table `itemcompra`
--

DROP TABLE IF EXISTS `itemcompra`;
/*!40101 SET @saved_cs_client     = @@character_set_client */;
/*!50503 SET character_set_client = utf8mb4 */;
CREATE TABLE `itemcompra` (
  `ID_ItemCompra` int NOT NULL AUTO_INCREMENT,
  `ID_Compra` int NOT NULL,
  `ID_Injetora` int NOT NULL,
  `quantidade` int NOT NULL DEFAULT '1',
  `preco_unitario_USD` decimal(10,2) DEFAULT NULL,
  `preco_unitario_BRL` decimal(10,2) DEFAULT NULL,
  `valor_total_item_USD` decimal(12,2) GENERATED ALWAYS AS ((`quantidade` * `preco_unitario_USD`)) VIRTUAL,
  `valor_total_item_BRL` decimal(12,2) GENERATED ALWAYS AS ((`quantidade` * `preco_unitario_BRL`)) VIRTUAL,
  `numero_serie` varchar(100) DEFAULT NULL,
  `status_item` varchar(20) DEFAULT 'pendente',
  PRIMARY KEY (`ID_ItemCompra`),
  KEY `ID_Compra` (`ID_Compra`),
  KEY `ID_Injetora` (`ID_Injetora`),
  CONSTRAINT `itemcompra_ibfk_1` FOREIGN KEY (`ID_Compra`) REFERENCES `compra` (`ID_Compra`),
  CONSTRAINT `itemcompra_ibfk_2` FOREIGN KEY (`ID_Injetora`) REFERENCES `injetora` (`ID_Injetora`)
) ENGINE=InnoDB AUTO_INCREMENT=61 DEFAULT CHARSET=utf8mb4 COLLATE=utf8mb4_0900_ai_ci;
/*!40101 SET character_set_client = @saved_cs_client */;

--
-- Dumping data for table `itemcompra`
--

LOCK TABLES `itemcompra` WRITE;
/*!40000 ALTER TABLE `itemcompra` DISABLE KEYS */;
INSERT INTO `itemcompra` (`ID_ItemCompra`, `ID_Compra`, `ID_Injetora`, `quantidade`, `preco_unitario_USD`, `preco_unitario_BRL`, `numero_serie`, `status_item`) VALUES (1,1,1,3,280000.00,1400000.00,'VICT550-2023-001','entregue'),(2,2,4,2,380000.00,1900000.00,'HYB350-2023-001','entregue'),(3,3,6,2,260000.00,1300000.00,'MARS450-2023-001','entregue'),(4,4,7,1,850000.00,4250000.00,'VICT1200-2023-001','entregue'),(5,5,8,3,310000.00,1550000.00,'ALLR370-2023-001','entregue'),(6,6,12,1,290000.00,1450000.00,'VIST650-2023-001','entregue'),(7,7,13,1,420000.00,2100000.00,'HYPET300-2023-001','entregue'),(8,8,11,2,180000.00,900000.00,'YIZH180-2023-001','entregue'),(9,9,16,2,240000.00,1200000.00,'TI250G-2023-001','entregue'),(10,10,17,3,270000.00,1350000.00,'FNX250-2023-001','entregue'),(11,11,18,1,350000.00,1750000.00,'SE180EV-2023-001','entregue'),(12,12,19,2,420000.00,2100000.00,'CX350-2023-001','entregue'),(13,13,20,1,650000.00,3250000.00,'ELEK750-2023-001','entregue'),(14,14,21,4,220000.00,1100000.00,'SMART180-2023-001','entregue'),(15,15,22,2,450000.00,2250000.00,'ROBO150-2023-001','entregue'),(16,16,23,3,360000.00,1800000.00,'INTEL350-2023-001','entregue'),(17,17,24,2,290000.00,1450000.00,'HM250-2023-001','entregue'),(18,18,25,1,490000.00,2450000.00,'ELION2500-2023-001','entregue'),(19,19,8,2,310000.00,1550000.00,'ALLR370-2023-002','entregue'),(20,20,26,2,480000.00,2400000.00,'VICT450-2023-001','entregue'),(21,21,27,4,240000.00,1200000.00,'MARS350-2023-001','entregue'),(22,22,28,1,450000.00,2250000.00,'HYB550-2023-001','entregue'),(23,23,29,1,420000.00,2100000.00,'VICT850-2023-001','entregue'),(24,24,30,2,340000.00,1700000.00,'VIST550-2023-001','entregue'),(25,25,31,2,320000.00,1600000.00,'TI450G-2023-001','entregue'),(26,26,32,1,350000.00,1750000.00,'FNX450-2023-001','entregue'),(27,27,33,1,420000.00,2100000.00,'SE350EV-2023-001','entregue'),(28,28,34,1,520000.00,2600000.00,'CX550-2023-001','entregue'),(29,29,35,1,700000.00,3500000.00,'ELEK850-2023-001','entregue'),(30,30,36,3,260000.00,1300000.00,'SMART250-2023-001','entregue'),(31,31,37,2,450000.00,2250000.00,'ROBO200-2023-001','entregue'),(32,32,38,2,390000.00,1950000.00,'INTEL400-2023-001','entregue'),(33,33,39,2,320000.00,1600000.00,'HM300-2023-001','entregue'),(34,34,40,1,520000.00,2600000.00,'ELION3000-2023-001','entregue'),(35,35,41,1,380000.00,1900000.00,'ALLR570-2023-001','entregue'),(36,36,42,1,580000.00,2900000.00,'VICT850-2023-002','entregue'),(37,37,6,2,260000.00,1300000.00,'MARS450-2023-002','entregue'),(38,38,43,1,480000.00,2400000.00,'HYB650-2023-001','entregue'),(39,39,44,1,450000.00,2250000.00,'VICT950-2023-001','entregue'),(40,40,45,1,370000.00,1850000.00,'VIST650-2023-002','entregue'),(41,41,46,1,600000.00,3000000.00,'HYPET750-2023-001','entregue'),(42,42,47,1,350000.00,1750000.00,'TI550G-2023-001','entregue'),(43,43,48,1,380000.00,1900000.00,'FNX550-2023-001','entregue'),(44,44,49,1,450000.00,2250000.00,'SE450EV-2023-001','entregue'),(45,45,50,1,550000.00,2750000.00,'CX650-2023-001','entregue'),(46,46,51,1,750000.00,3750000.00,'ELEK950-2023-001','entregue'),(47,47,52,2,300000.00,1500000.00,'SMART350-2023-001','entregue'),(48,48,53,1,480000.00,2400000.00,'ROBO300-2023-001','entregue'),(49,49,54,1,420000.00,2100000.00,'INTEL500-2023-001','entregue'),(50,50,55,1,350000.00,1750000.00,'HM400-2023-001','entregue'),(51,51,56,1,550000.00,2750000.00,'ELION3500-2023-001','entregue'),(52,52,57,1,420000.00,2100000.00,'ALLR670-2023-001','entregue'),(53,53,58,1,650000.00,3250000.00,'VICT1050-2023-001','entregue'),(54,54,59,1,290000.00,1450000.00,'MARS550-2023-001','entregue'),(55,55,60,1,520000.00,2600000.00,'HYB750-2023-001','entregue'),(56,56,61,1,500000.00,2500000.00,'VICT1150-2023-001','entregue'),(57,57,62,1,400000.00,2000000.00,'VIST750-2023-001','entregue'),(58,58,63,1,680000.00,3400000.00,'HYPET900-2023-001','entregue'),(59,59,64,1,380000.00,1900000.00,'TI650G-2023-001','entregue'),(60,60,65,1,410000.00,2050000.00,'FNX650-2023-001','entregue');
/*!40000 ALTER TABLE `itemcompra` ENABLE KEYS */;
UNLOCK TABLES;
/*!40103 SET TIME_ZONE=@OLD_TIME_ZONE */;

/*!40101 SET SQL_MODE=@OLD_SQL_MODE */;
/*!40014 SET FOREIGN_KEY_CHECKS=@OLD_FOREIGN_KEY_CHECKS */;
/*!40014 SET UNIQUE_CHECKS=@OLD_UNIQUE_CHECKS */;
/*!40101 SET CHARACTER_SET_CLIENT=@OLD_CHARACTER_SET_CLIENT */;
/*!40101 SET CHARACTER_SET_RESULTS=@OLD_CHARACTER_SET_RESULTS */;
/*!40101 SET COLLATION_CONNECTION=@OLD_COLLATION_CONNECTION */;
/*!40111 SET SQL_NOTES=@OLD_SQL_NOTES */;

-- Dump completed on 2025-04-24 22:08:36
